Flight ID,Ticket Price,Total Revenue,Baggage Fee,Extras
FL2587,200,210,0,10
FL2454,150,180,0,30
FL1940,500,550,50,0
FL1337,500,500,0,0
FL2365,800,800,0,0
FL2345,150,230,50,30
FL1021,200,235,25,10
FL0608,400,420,0,20
FL2982,400,430,0,30
FL1491,200,270,50,20
FL1341,300,380,50,30
FL1311,400,445,25,20
FL2646,200,230,0,30
FL0799,200,220,0,20
FL0045,500,560,50,10
FL2638,200,280,50,30
FL1565,800,820,0,20
FL1868,300,320,0,20
FL0527,800,810,0,10
FL1511,200,270,50,20
FL2648,200,225,25,0
FL1328,150,185,25,10
FL2924,500,520,0,20
FL0670,150,160,0,10
FL1691,300,345,25,20
FL2629,200,260,50,10
FL1838,500,535,25,10
FL2800,150,170,0,20
FL0898,400,430,0,30
FL2599,400,430,0,30
FL2928,400,425,25,0
FL0856,500,530,0,30
FL1508,300,355,25,30
FL2571,150,160,0,10
FL0655,150,180,0,30
FL1067,300,300,0,0
FL2669,800,830,0,30
FL1588,500,520,0,20
FL2762,500,510,0,10
FL2565,150,185,25,10
FL0887,400,410,0,10
FL1876,150,150,0,0
FL1169,400,425,25,0
FL0128,300,320,0,20
FL2985,200,200,0,0
FL0782,800,800,0,0
FL0092,150,175,25,0
FL0839,300,320,0,20
FL0462,300,310,0,10
FL2879,500,580,50,30
FL2778,300,320,0,20
FL0055,800,830,0,30
FL2945,300,320,0,20
FL0771,200,210,0,10
FL2880,150,180,0,30
FL2450,150,170,0,20
FL1521,200,210,0,10
FL2377,200,255,25,30
FL2026,200,280,50,30
FL0564,500,530,0,30
FL2787,150,150,0,0
FL2213,150,210,50,10
FL0844,800,835,25,10
FL2229,300,320,0,20
FL2723,500,530,0,30
FL2998,300,320,0,20
FL1439,500,530,0,30
FL2843,800,800,0,0
FL0296,400,430,0,30
FL2220,150,210,50,10
FL0496,150,185,25,10
FL0488,400,470,50,20
FL1230,200,230,0,30
FL1960,400,410,0,10
FL1440,400,425,25,0
FL2405,200,200,0,0
FL1997,200,210,0,10
FL2967,200,220,0,20
FL0989,300,300,0,0
FL2884,400,420,0,20
FL0526,400,410,0,10
FL0743,800,820,0,20
FL0482,800,810,0,10
FL0164,400,480,50,30
FL0315,300,330,0,30
FL2679,400,430,0,30
FL1393,300,300,0,0
FL0476,400,410,0,10
FL1502,400,430,0,30
FL0436,400,420,0,20
FL0358,400,400,0,0
FL0997,150,230,50,30
FL0766,400,410,0,10
FL1958,200,210,0,10
FL0163,150,160,0,10
FL0246,800,810,0,10
FL0037,150,210,50,10
FL0875,500,535,25,10
FL1589,400,470,50,20
FL2089,400,430,0,30
FL1012,300,360,50,10
FL1665,500,510,0,10
FL2752,200,220,0,20
FL0522,800,855,25,30
FL2136,500,500,0,0
FL2301,400,430,0,30
FL1151,800,830,0,30
FL1925,150,195,25,20
FL0373,200,210,0,10
FL1099,200,245,25,20
FL1328,200,220,0,20
FL1373,500,520,0,20
FL0772,500,550,50,0
FL1481,150,170,0,20
FL0711,400,425,25,0
FL2595,200,220,0,20
FL1984,200,200,0,0
FL2483,150,180,0,30
FL0774,800,810,0,10
FL1723,400,450,50,0
FL1585,400,400,0,0
FL0224,300,310,0,10
FL0393,400,425,25,0
FL2321,150,180,0,30
FL0986,800,820,0,20
FL1449,500,520,0,20
FL0704,300,370,50,20
FL0374,500,535,25,10
FL1665,150,210,50,10
FL1145,400,410,0,10
FL2457,150,180,0,30
FL1674,200,230,0,30
FL1113,300,330,0,30
FL2045,200,255,25,30
FL2882,400,455,25,30
FL0849,400,445,25,20
FL0946,500,520,0,20
FL0265,500,530,0,30
FL0084,150,170,0,20
FL1427,150,195,25,20
FL2399,500,520,0,20
FL1494,200,250,50,0
FL2265,500,520,0,20
FL0581,200,230,0,30
FL2133,400,410,0,10
FL1927,200,250,50,0
FL0316,800,855,25,30
FL2267,150,175,25,0
FL0036,150,150,0,0
FL0233,150,150,0,0
FL0991,300,320,0,20
FL0718,500,520,0,20
FL1546,300,310,0,10
FL1618,800,810,0,10
FL2129,400,420,0,20
FL1670,400,460,50,10
FL1506,150,170,0,20
FL1531,500,550,50,0
FL2616,150,150,0,0
FL0583,800,830,0,30
FL2920,150,180,0,30
FL1006,300,330,0,30
FL1906,800,800,0,0
FL2100,300,300,0,0
FL1272,300,335,25,10
FL2301,500,500,0,0
FL1653,400,430,0,30
FL0209,500,530,0,30
FL2106,400,460,50,10
FL0629,400,430,0,30
FL0805,200,230,0,30
FL1241,150,160,0,10
FL0622,200,235,25,10
FL0670,400,435,25,10
FL0679,800,810,0,10
FL1404,150,170,0,20
FL1338,500,530,0,30
FL1005,500,530,0,30
FL2085,200,220,0,20
FL1056,300,380,50,30
FL1019,150,170,0,20
FL1638,300,380,50,30
FL1971,500,510,0,10
FL1771,400,430,0,30
FL0966,150,150,0,0
FL0964,800,845,25,20
FL2431,800,850,50,0
FL0035,400,480,50,30
FL0009,200,210,0,10
FL2868,800,825,25,0
FL1353,500,545,25,20
FL0788,400,430,0,30
FL2521,150,170,0,20
FL2483,800,880,50,30
FL0917,200,255,25,30
FL1854,400,420,0,20
FL0964,200,260,50,10
FL0610,400,445,25,20
FL1839,400,400,0,0
FL2373,200,235,25,10
FL2738,200,230,0,30
FL0860,400,455,25,30
FL1414,300,380,50,30
FL1899,300,320,0,20
FL1340,500,555,25,30
FL0673,400,420,0,20
FL0575,500,570,50,20
FL1712,400,400,0,0
FL1528,300,335,25,10
FL1362,300,330,0,30
FL2166,300,320,0,20
FL2996,800,800,0,0
FL1870,800,860,50,10
FL1710,300,300,0,0
FL0913,300,330,0,30
FL2374,400,400,0,0
FL1841,500,570,50,20
FL1121,800,830,0,30
FL2717,300,310,0,10
FL0962,800,870,50,20
FL0821,300,310,0,10
FL0085,400,445,25,20
FL2752,500,530,0,30
FL1183,500,520,0,20
FL0638,200,210,0,10
FL0465,200,220,0,20
FL1972,400,460,50,10
FL1589,200,250,50,0
FL0665,200,255,25,30
FL2587,300,350,50,0
FL1649,800,825,25,0
FL0929,400,410,0,10
FL2632,400,400,0,0
FL1456,300,300,0,0
FL0031,300,330,0,30
FL2300,200,210,0,10
FL2260,800,825,25,0
FL2614,300,300,0,0
FL0437,150,160,0,10
FL0627,400,420,0,20
FL1264,500,510,0,10
FL2916,500,555,25,30
FL0390,200,220,0,20
FL0870,400,430,0,30
FL2254,300,330,0,30
FL2695,300,330,0,30
FL1366,400,450,50,0
FL2410,200,210,0,10
FL0438,200,235,25,10
FL0759,500,580,50,30
FL2985,300,320,0,20
FL0022,500,510,0,10
FL0244,150,220,50,20
FL1199,150,150,0,0
FL2525,150,150,0,0
FL2039,200,280,50,30
FL2832,400,430,0,30
FL1020,500,520,0,20
FL2802,150,195,25,20
FL2938,500,555,25,30
FL1832,400,430,0,30
FL1684,200,210,0,10
FL2602,200,230,0,30
FL1122,150,170,0,20
FL0245,300,310,0,10
FL1177,300,345,25,20
FL2170,300,380,50,30
FL2820,500,560,50,10
FL1795,300,300,0,0
FL2260,300,310,0,10
FL2826,400,400,0,0
FL2324,200,230,0,30
FL2738,150,230,50,30
FL2165,500,530,0,30
FL0006,300,330,0,30
FL1114,400,400,0,0
FL1933,400,400,0,0
FL0988,800,850,50,0
FL0423,200,260,50,10
FL1690,200,230,0,30
FL0905,150,150,0,0
FL2407,200,210,0,10
FL0383,400,445,25,20
FL2451,300,320,0,20
FL2217,800,800,0,0
FL0887,800,860,50,10
FL1138,200,230,0,30
FL0673,400,480,50,30
FL0789,150,175,25,0
FL0857,400,400,0,0
FL0551,150,180,0,30
FL1228,800,825,25,0
FL0032,150,180,0,30
FL0646,300,300,0,0
FL0681,400,400,0,0
FL0645,400,460,50,10
FL1741,500,520,0,20
FL0878,400,420,0,20
FL2194,500,500,0,0
FL0942,200,220,0,20
FL2661,500,555,25,30
FL0950,200,245,25,20
FL2263,800,820,0,20
FL2249,800,800,0,0
FL0841,300,335,25,10
FL0293,400,410,0,10
FL2791,500,500,0,0
FL2724,200,230,0,30
FL2610,500,510,0,10
FL0403,800,845,25,20
FL2478,200,200,0,0
FL2065,400,445,25,20
FL0606,800,820,0,20
FL0314,300,325,25,0
FL1921,500,570,50,20
FL0012,800,810,0,10
FL2966,150,160,0,10
FL0966,200,250,50,0
FL1514,400,420,0,20
FL2264,400,400,0,0
FL1681,800,820,0,20
FL0070,200,225,25,0
FL0249,150,170,0,20
FL0509,200,210,0,10
FL1060,800,800,0,0
FL1020,200,280,50,30
FL0993,400,410,0,10
FL2137,200,200,0,0
FL0085,500,510,0,10
FL2165,200,255,25,30
FL0168,300,325,25,0
FL1531,200,230,0,30
FL1512,500,550,50,0
FL2987,300,320,0,20
FL1147,150,180,0,30
FL2994,200,200,0,0
FL1129,150,170,0,20
FL1393,200,200,0,0
FL0886,500,520,0,20
FL2904,150,170,0,20
FL2914,200,200,0,0
FL0814,800,810,0,10
FL1659,800,830,0,30
FL0344,500,510,0,10
FL0391,150,175,25,0
FL0758,800,810,0,10
FL1700,150,195,25,20
FL1546,500,520,0,20
FL2442,800,835,25,10
FL2498,500,520,0,20
FL0505,400,455,25,30
FL0926,200,260,50,10
FL1669,300,370,50,20
FL2072,800,820,0,20
FL0315,200,250,50,0
FL1669,300,300,0,0
FL1620,500,530,0,30
FL0528,200,260,50,10
FL0833,500,530,0,30
FL2806,300,320,0,20
FL0896,150,170,0,20
FL0752,200,220,0,20
FL2639,300,330,0,30
FL0166,800,830,0,30
FL1404,500,550,50,0
FL0869,300,325,25,0
FL1518,200,200,0,0
FL2313,500,545,25,20
FL2928,300,320,0,20
FL2893,800,830,0,30
FL2691,400,400,0,0
FL2139,800,820,0,20
FL2330,150,170,0,20
FL2050,500,570,50,20
FL0444,500,550,50,0
FL1761,800,825,25,0
FL1938,500,510,0,10
FL0126,800,820,0,20
FL2968,300,330,0,30
FL2131,800,825,25,0
FL1670,200,220,0,20
FL2250,150,180,0,30
FL0601,400,420,0,20
FL1412,300,320,0,20
FL0403,500,510,0,10
FL0493,300,325,25,0
FL1273,150,210,50,10
FL0673,800,810,0,10
FL1595,400,445,25,20
FL2738,300,355,25,30
FL1537,800,855,25,30
FL2485,300,320,0,20
FL0726,500,510,0,10
FL2569,300,320,0,20
FL2029,800,810,0,10
FL1840,200,280,50,30
FL1412,200,220,0,20
FL0196,800,860,50,10
FL1080,400,430,0,30
FL0800,500,500,0,0
FL1287,400,400,0,0
FL2232,800,845,25,20
FL0322,300,370,50,20
FL0975,500,520,0,20
FL2349,500,580,50,30
FL2736,400,425,25,0
FL0691,400,430,0,30
FL0177,200,210,0,10
FL0969,800,820,0,20
FL0444,400,480,50,30
FL0308,150,160,0,10
FL2413,300,320,0,20
FL1720,500,510,0,10
FL1745,300,310,0,10
FL0726,400,430,0,30
FL1842,400,420,0,20
FL0488,500,500,0,0
FL1660,400,420,0,20
FL1541,150,160,0,10
FL1431,400,410,0,10
FL1373,800,830,0,30
FL0299,400,435,25,10
FL1630,150,170,0,20
FL2554,300,310,0,10
FL0155,300,330,0,30
FL2222,800,800,0,0
FL1222,150,195,25,20
FL1162,300,320,0,20
FL0147,500,520,0,20
FL2229,300,345,25,20
FL2522,300,335,25,10
FL2719,150,180,0,30
FL0615,500,510,0,10
FL0631,200,255,25,30
FL0157,800,855,25,30
FL0763,500,520,0,20
FL0123,150,170,0,20
FL2332,800,800,0,0
FL0721,150,180,0,30
FL2145,800,820,0,20
FL2505,200,200,0,0
FL0911,400,420,0,20
FL0674,300,380,50,30
FL1384,500,520,0,20
FL2358,200,200,0,0
FL2812,800,830,0,30
FL0106,500,510,0,10
FL2289,200,230,0,30
FL0919,500,525,25,0
FL2099,500,510,0,10
FL0816,150,230,50,30
FL0155,150,170,0,20
FL1203,800,850,50,0
FL0711,150,170,0,20
FL1746,300,310,0,10
FL0614,500,500,0,0
FL1450,150,185,25,10
FL2146,200,200,0,0
FL1479,200,230,0,30
FL0561,300,300,0,0
FL2391,500,510,0,10
FL0687,800,810,0,10
FL2742,800,810,0,10
FL1300,500,535,25,10
FL2517,400,400,0,0
FL0026,200,200,0,0
FL2402,800,860,50,10
FL0475,500,580,50,30
FL1969,500,500,0,0
FL1163,500,510,0,10
FL2540,500,545,25,20
FL2611,400,450,50,0
FL0532,400,430,0,30
FL0286,400,435,25,10
FL0780,800,835,25,10
FL2643,800,810,0,10
FL0034,300,300,0,0
FL0836,200,235,25,10
FL1655,800,855,25,30
FL1434,300,330,0,30
FL1553,300,330,0,30
FL2093,300,320,0,20
FL2269,150,205,25,30
FL0496,800,860,50,10
FL2938,800,830,0,30
FL0120,500,555,25,30
FL0702,200,245,25,20
FL0968,500,500,0,0
FL2878,800,880,50,30
FL1262,400,420,0,20
FL1611,300,310,0,10
FL2366,300,355,25,30
FL1831,800,820,0,20
FL1803,300,330,0,30
FL2039,500,520,0,20
FL2287,200,220,0,20
FL2766,300,330,0,30
FL2975,400,435,25,10
FL1087,200,220,0,20
FL0863,150,160,0,10
FL2611,800,825,25,0
FL1238,500,530,0,30
FL0273,300,380,50,30
FL0612,400,430,0,30
FL0379,800,850,50,0
FL0805,150,210,50,10
FL2431,200,210,0,10
FL0619,200,260,50,10
FL2869,300,355,25,30
FL2759,200,200,0,0
FL0741,200,230,0,30
FL1405,200,230,0,30
FL2989,800,820,0,20
FL0854,150,180,0,30
FL0425,800,850,50,0
FL0094,200,280,50,30
FL0036,400,420,0,20
FL0071,800,820,0,20
FL0271,400,460,50,10
FL2331,150,170,0,20
FL0399,300,320,0,20
FL1471,500,530,0,30
FL0534,800,855,25,30
FL1974,800,845,25,20
FL2284,400,480,50,30
FL2956,500,550,50,0
FL0533,150,170,0,20
FL0650,300,310,0,10
FL1170,400,430,0,30
FL1662,800,830,0,30
FL1263,300,320,0,20
FL1742,500,535,25,10
FL1029,400,410,0,10
FL2107,400,420,0,20
FL1633,400,400,0,0
FL2230,300,330,0,30
FL2428,300,320,0,20
FL0801,300,300,0,0
FL2919,150,170,0,20
FL1129,200,230,0,30
FL0102,400,420,0,20
FL2882,400,450,50,0
FL0023,300,310,0,10
FL1801,150,170,0,20
FL2397,150,200,50,0
FL1090,500,520,0,20
FL0103,800,800,0,0
FL2731,300,330,0,30
FL2228,300,300,0,0
FL1291,200,220,0,20
FL2501,500,520,0,20
FL1618,150,200,50,0
FL2418,800,820,0,20
FL1565,200,210,0,10
FL1987,200,280,50,30
FL1790,400,430,0,30
FL0467,800,810,0,10
FL1765,200,225,25,0
FL2112,300,310,0,10
FL0649,200,250,50,0
FL2236,150,180,0,30
FL2520,150,150,0,0
FL0459,800,830,0,30
FL2082,150,150,0,0
FL1246,300,310,0,10
FL0955,200,200,0,0
FL2209,500,545,25,20
FL1312,400,420,0,20
FL1227,500,545,25,20
FL2047,500,500,0,0
FL2068,300,310,0,10
FL0205,400,410,0,10
FL0363,300,330,0,30
FL2261,150,170,0,20
FL1546,200,220,0,20
FL2622,500,510,0,10
FL1019,150,170,0,20
FL1280,150,180,0,30
FL0584,400,420,0,20
FL2240,150,160,0,10
FL2182,150,180,0,30
FL1059,150,160,0,10
FL2553,200,230,0,30
FL0463,500,530,0,30
FL2457,300,335,25,10
FL1947,400,420,0,20
FL1043,400,410,0,10
FL2869,200,200,0,0
FL1074,300,300,0,0
FL2855,500,510,0,10
FL1926,400,435,25,10
FL2436,150,180,0,30
FL1892,400,445,25,20
FL1695,400,410,0,10
FL2567,200,230,0,30
FL2383,150,180,0,30
FL1562,300,320,0,20
FL1285,500,530,0,30
FL2784,200,255,25,30
FL1563,300,345,25,20
FL1731,200,230,0,30
FL1288,400,400,0,0
FL1065,800,810,0,10
FL0102,400,480,50,30
FL2378,800,800,0,0
FL1123,200,230,0,30
FL1682,800,825,25,0
FL1273,150,150,0,0
FL0120,300,380,50,30
FL2075,500,525,25,0
FL1514,400,450,50,0
FL1379,300,330,0,30
FL1422,150,160,0,10
FL0486,150,150,0,0
FL1960,400,435,25,10
FL2512,200,220,0,20
FL0410,200,210,0,10
FL0026,800,810,0,10
FL1623,150,220,50,20
FL0709,300,320,0,20
FL2943,800,870,50,20
FL0455,150,180,0,30
FL1961,300,330,0,30
FL2181,150,180,0,30
FL2106,500,535,25,10
FL1038,200,210,0,10
FL1759,150,160,0,10
FL0597,300,330,0,30
FL2921,800,820,0,20
FL2543,400,420,0,20
FL0995,800,820,0,20
FL0785,800,800,0,0
FL1945,200,250,50,0
FL0276,300,300,0,0
FL2603,800,800,0,0
FL2061,300,320,0,20
FL1252,500,550,50,0
FL1624,300,300,0,0
FL1415,500,510,0,10
FL1752,200,220,0,20
FL1947,400,435,25,10
FL2811,200,235,25,10
FL0506,200,200,0,0
FL1582,300,345,25,20
FL2829,800,835,25,10
FL0429,400,400,0,0
FL0150,150,170,0,20
FL0717,150,180,0,30
FL0965,300,330,0,30
FL2702,400,410,0,10
FL2118,150,175,25,0
FL0497,800,855,25,30
FL0009,150,150,0,0
FL0470,200,220,0,20
FL0499,800,810,0,10
FL0381,500,510,0,10
FL2662,200,280,50,30
FL1132,150,195,25,20
FL1674,400,450,50,0
FL0070,400,455,25,30
FL1143,300,300,0,0
FL1358,300,300,0,0
FL2738,400,460,50,10
FL1610,800,860,50,10
FL0007,150,150,0,0
FL2423,150,220,50,20
FL2301,800,825,25,0
FL0577,400,410,0,10
FL2486,200,200,0,0
FL2131,400,410,0,10
FL0298,400,455,25,30
FL0318,150,220,50,20
FL0357,800,825,25,0
FL1240,400,420,0,20
FL0299,800,820,0,20
FL0483,300,320,0,20
FL1578,500,520,0,20
FL2493,400,400,0,0
FL0578,800,855,25,30
FL2897,300,300,0,0
FL0432,500,520,0,20
FL0186,400,400,0,0
FL0580,400,470,50,20
FL0204,400,410,0,10
FL0217,800,810,0,10
FL2061,400,400,0,0
FL0365,500,560,50,10
FL2938,400,410,0,10
FL2222,800,830,0,30
FL1440,800,800,0,0
FL1523,500,525,25,0
FL2691,800,800,0,0
FL0932,500,530,0,30
FL0135,150,150,0,0
FL0019,500,520,0,20
FL1341,500,500,0,0
FL2275,500,500,0,0
FL1935,800,825,25,0
FL0829,150,160,0,10
FL2972,400,480,50,30
FL2300,800,800,0,0
FL1216,300,330,0,30
FL0992,400,455,25,30
FL1119,150,150,0,0
FL2245,300,380,50,30
FL0725,200,230,0,30
FL2213,500,510,0,10
FL2887,150,150,0,0
FL1492,500,555,25,30
FL0040,800,880,50,30
FL2577,300,325,25,0
FL0409,400,430,0,30
FL2813,200,220,0,20
FL2879,500,520,0,20
FL1291,400,450,50,0
FL0339,500,510,0,10
FL0244,200,220,0,20
FL1382,150,160,0,10
FL2530,300,330,0,30
FL1815,200,280,50,30
FL2902,300,360,50,10
FL0270,300,300,0,0
FL2955,400,425,25,0
FL0517,400,430,0,30
FL2224,800,820,0,20
FL2526,800,880,50,30
FL2810,800,830,0,30
FL0243,200,225,25,0
FL1630,500,500,0,0
FL2938,400,430,0,30
FL2845,300,330,0,30
FL2863,300,355,25,30
FL1878,500,520,0,20
FL2593,500,570,50,20
FL1283,800,870,50,20
FL1044,200,260,50,10
FL0907,300,355,25,30
FL2635,150,160,0,10
FL2610,300,310,0,10
FL0621,150,150,0,0
FL0558,500,510,0,10
FL2305,150,230,50,30
FL2431,300,325,25,0
FL0946,200,255,25,30
FL0580,150,200,50,0
FL1898,500,535,25,10
FL0470,200,235,25,10
FL1768,800,810,0,10
FL2149,800,810,0,10
FL2317,500,530,0,30
FL1522,500,510,0,10
FL1900,150,170,0,20
FL0183,800,830,0,30
FL2865,500,510,0,10
FL0634,500,530,0,30
FL1274,300,310,0,10
FL1953,300,335,25,10
FL2199,400,460,50,10
FL1137,150,170,0,20
FL2150,500,545,25,20
FL2758,400,450,50,0
FL0852,150,160,0,10
FL0535,400,460,50,10
FL2941,300,370,50,20
FL0193,150,185,25,10
FL2437,500,510,0,10
FL2395,200,210,0,10
FL2670,150,205,25,30
FL1549,500,545,25,20
FL0120,150,170,0,20
FL1606,800,880,50,30
FL0058,300,300,0,0
FL1711,300,320,0,20
FL1614,400,430,0,30
FL0248,800,825,25,0
FL1768,400,435,25,10
FL2325,150,160,0,10
FL0778,800,820,0,20
FL0482,200,220,0,20
FL1408,800,820,0,20
FL0416,200,220,0,20
FL2434,200,200,0,0
FL0984,150,170,0,20
FL0824,400,420,0,20
FL0765,150,210,50,10
FL1068,400,400,0,0
FL1499,500,525,25,0
FL2945,800,810,0,10
FL1858,400,420,0,20
FL1477,400,420,0,20
FL1110,400,410,0,10
FL0261,500,535,25,10
FL1516,200,200,0,0
FL2533,400,430,0,30
FL1635,400,400,0,0
FL1830,500,520,0,20
FL1508,300,330,0,30
FL1172,500,535,25,10
FL0645,500,520,0,20
FL0875,300,300,0,0
FL1876,150,200,50,0
FL2175,150,185,25,10
FL2249,400,480,50,30
FL2695,300,310,0,10
FL2787,300,335,25,10
FL2633,150,150,0,0
FL0605,150,200,50,0
FL1640,500,530,0,30
FL1142,500,550,50,0
FL2200,200,210,0,10
FL0623,300,345,25,20
FL1310,200,270,50,20
FL0929,500,500,0,0
FL2571,150,170,0,20
FL1549,800,830,0,30
FL2953,150,160,0,10
FL1409,300,345,25,20
FL0608,400,400,0,0
FL0779,400,435,25,10
FL1941,400,420,0,20
FL1734,300,320,0,20
FL0201,300,335,25,10
FL2040,150,150,0,0
FL0405,200,245,25,20
FL2268,400,460,50,10
FL2020,200,210,0,10
FL1960,500,525,25,0
FL0888,400,430,0,30
FL2489,200,270,50,20
FL2724,200,220,0,20
FL1545,400,430,0,30
FL1596,150,220,50,20
FL2654,300,330,0,30
FL0968,800,800,0,0
FL2676,800,850,50,0
FL0715,400,400,0,0
FL2950,200,200,0,0
FL1951,150,195,25,20
FL2565,150,180,0,30
FL2320,200,220,0,20
FL2333,200,220,0,20
FL1847,800,800,0,0
FL0562,800,800,0,0
FL2671,200,220,0,20
FL0827,800,800,0,0
FL2321,400,420,0,20
FL0676,400,430,0,30
FL2671,500,500,0,0
FL2173,500,520,0,20
FL2611,400,420,0,20
FL2469,800,800,0,0
FL2100,500,570,50,20
FL0593,300,300,0,0
FL1430,200,210,0,10
FL1164,800,830,0,30
FL2299,400,420,0,20
FL1220,800,810,0,10
FL0825,500,520,0,20
FL0136,500,520,0,20
FL0155,400,420,0,20
FL1903,500,500,0,0
FL2851,400,400,0,0
FL2946,800,855,25,30
FL1896,500,500,0,0
FL1287,800,820,0,20
FL1429,200,270,50,20
FL1354,500,510,0,10
FL0299,200,200,0,0
FL2472,500,500,0,0
FL1847,800,800,0,0
FL2769,800,835,25,10
FL2431,500,520,0,20
FL0896,500,500,0,0
FL0646,300,320,0,20
FL0710,150,150,0,0
FL2125,200,220,0,20
FL2399,800,880,50,30
FL1237,500,560,50,10
FL2503,500,500,0,0
FL0471,300,310,0,10
FL2437,400,420,0,20
FL2275,200,200,0,0
FL1070,200,200,0,0
FL1625,150,180,0,30
FL0839,300,310,0,10
FL0556,150,170,0,20
FL1086,800,820,0,20
FL1847,400,480,50,30
FL2668,400,420,0,20
FL2387,500,520,0,20
FL1172,500,500,0,0
FL1305,800,860,50,10
FL2291,400,410,0,10
FL1380,500,510,0,10
FL0628,800,855,25,30
FL1644,800,825,25,0
FL0899,400,445,25,20
FL0504,800,850,50,0
FL1749,300,310,0,10
FL1292,200,200,0,0
FL0863,500,500,0,0
FL0699,150,160,0,10
FL1213,150,220,50,20
FL0668,200,200,0,0
FL0240,300,330,0,30
FL0417,500,510,0,10
FL1696,200,220,0,20
FL1474,200,270,50,20
FL1922,800,810,0,10
FL2453,200,220,0,20
FL2187,400,430,0,30
FL2570,400,410,0,10
FL0353,200,210,0,10
FL1420,300,320,0,20
FL0303,200,230,0,30
FL0924,400,400,0,0
FL0730,400,455,25,30
FL0583,150,185,25,10
FL1862,500,560,50,10
FL1539,800,830,0,30
FL0788,800,880,50,30
FL1188,800,830,0,30
FL2377,400,425,25,0
FL0043,500,530,0,30
FL1283,400,410,0,10
FL0745,150,180,0,30
FL2449,800,835,25,10
FL2040,300,300,0,0
FL0072,150,160,0,10
FL2477,800,820,0,20
FL1171,150,180,0,30
FL1302,200,220,0,20
FL1001,400,420,0,20
FL2961,300,310,0,10
FL1374,400,420,0,20
FL0839,300,330,0,30
FL2351,800,860,50,10
FL0343,500,530,0,30
FL1213,400,460,50,10
FL2226,500,570,50,20
FL2388,800,810,0,10
FL1252,500,500,0,0
FL2059,500,510,0,10
FL1285,500,510,0,10
FL1636,400,410,0,10
FL0892,800,860,50,10
FL1787,400,480,50,30
FL2827,500,500,0,0
FL0462,400,450,50,0
FL2520,300,310,0,10
FL2158,800,820,0,20
FL0082,400,460,50,10
FL0689,150,220,50,20
FL2209,500,500,0,0
FL2588,150,230,50,30
FL0963,800,860,50,10
FL2523,800,810,0,10
FL1631,300,310,0,10
FL0931,300,330,0,30
FL0835,800,800,0,0
FL2586,300,300,0,0
FL1016,400,450,50,0
FL2720,400,445,25,20
FL2215,150,220,50,20
FL2458,500,520,0,20
FL2869,800,880,50,30
FL1731,200,255,25,30
FL2205,400,480,50,30
FL1914,800,835,25,10
FL2431,150,160,0,10
FL2038,500,500,0,0
FL2851,300,370,50,20
FL1450,150,170,0,20
FL2527,500,520,0,20
FL1118,800,820,0,20
FL0560,300,310,0,10
FL0585,200,220,0,20
FL1794,500,545,25,20
FL2439,150,160,0,10
FL2809,200,200,0,0
FL2086,800,825,25,0
FL0994,300,325,25,0
FL2382,500,530,0,30
FL2187,200,270,50,20
FL2109,150,200,50,0
FL0129,150,180,0,30
FL2265,400,445,25,20
FL1035,150,210,50,10
FL0169,400,430,0,30
FL1941,300,300,0,0
FL0969,300,350,50,0
FL0189,300,330,0,30
FL2444,200,230,0,30
FL2286,200,210,0,10
FL2333,200,235,25,10
FL0664,400,480,50,30
FL0836,500,525,25,0
FL1211,800,810,0,10
FL1124,200,200,0,0
FL0159,200,200,0,0
FL2504,400,400,0,0
FL0755,500,560,50,10
FL0883,300,320,0,20
FL1060,800,830,0,30
FL1334,800,820,0,20
FL0950,200,200,0,0
FL1178,200,245,25,20
FL2441,500,535,25,10
FL0375,400,400,0,0
FL2622,150,170,0,20
FL2196,500,510,0,10
FL2918,200,200,0,0
FL1251,500,580,50,30
FL2058,200,210,0,10
FL1377,150,180,0,30
FL0380,800,820,0,20
FL1500,500,520,0,20
FL2998,800,800,0,0
FL2379,150,150,0,0
FL2471,500,510,0,10
FL0512,800,845,25,20
FL2640,500,525,25,0
FL2073,800,800,0,0
FL1966,150,160,0,10
FL2803,150,160,0,10
FL2708,300,300,0,0
FL2097,800,820,0,20
FL1960,150,200,50,0
FL1814,400,410,0,10
FL0920,500,520,0,20
FL2577,400,430,0,30
FL0460,800,830,0,30
FL0070,500,535,25,10
FL0349,200,200,0,0
FL0698,300,330,0,30
FL2745,150,160,0,10
FL1520,800,810,0,10
FL0518,150,185,25,10
FL0293,800,855,25,30
FL1226,300,310,0,10
FL1893,800,810,0,10
FL1076,300,335,25,10
FL0655,150,180,0,30
FL0892,300,300,0,0
FL2197,150,150,0,0
FL0327,300,325,25,0
FL2529,150,170,0,20
FL2364,150,160,0,10
FL2397,150,160,0,10
FL2206,300,345,25,20
FL2740,800,845,25,20
FL0498,200,230,0,30
FL2182,200,260,50,10
FL1291,800,820,0,20
FL2827,400,480,50,30
FL1343,200,200,0,0
FL0286,400,425,25,0
FL1647,800,830,0,30
FL2456,800,880,50,30
FL0248,400,430,0,30
FL1763,400,480,50,30
FL1370,300,300,0,0
FL1463,200,230,0,30
FL2781,400,450,50,0
FL0745,200,210,0,10
FL2664,500,500,0,0
FL0337,500,510,0,10
FL0430,500,535,25,10
FL2601,150,170,0,20
FL0154,500,535,25,10
FL0877,150,195,25,20
FL2086,150,170,0,20
FL2167,300,355,25,30
FL2357,500,500,0,0
FL2848,800,880,50,30
FL2198,800,810,0,10
FL1311,300,300,0,0
FL1859,500,500,0,0
FL0088,400,480,50,30
FL1572,300,350,50,0
FL0854,200,200,0,0
FL1925,300,345,25,20
FL0879,500,535,25,10
FL0387,500,520,0,20
FL1430,200,280,50,30
FL0524,800,800,0,0
FL0278,300,345,25,20
FL1459,500,510,0,10
FL0232,200,210,0,10
FL0882,400,420,0,20
FL1978,300,330,0,30
FL2229,200,220,0,20
FL1597,400,425,25,0
FL0321,200,200,0,0
FL2843,800,825,25,0
FL2548,300,310,0,10
FL1563,400,420,0,20
FL2674,200,200,0,0
FL0969,800,845,25,20
FL0806,800,870,50,20
FL1949,800,820,0,20
FL1367,200,220,0,20
FL1891,300,325,25,0
FL0448,400,480,50,30
FL1936,400,435,25,10
FL0103,800,810,0,10
FL2032,150,150,0,0
FL1863,800,830,0,30
FL1236,200,200,0,0
FL2654,300,320,0,20
FL1106,400,400,0,0
FL1828,150,170,0,20
FL0749,400,430,0,30
FL0535,300,330,0,30
FL0099,500,500,0,0
FL1471,300,300,0,0
FL0436,800,855,25,30
FL1761,400,430,0,30
FL2278,150,230,50,30
FL1554,300,320,0,20
FL1061,200,235,25,10
FL0449,300,355,25,30
FL1232,150,220,50,20
FL2992,500,530,0,30
FL2089,400,400,0,0
FL2352,150,150,0,0
FL2927,500,555,25,30
FL2014,150,160,0,10
FL0007,200,220,0,20
FL2247,400,400,0,0
FL0456,800,845,25,20
FL0488,200,230,0,30
FL2572,200,220,0,20
FL2384,400,480,50,30
FL2220,500,580,50,30
FL2244,800,825,25,0
FL2445,200,250,50,0
FL0487,300,300,0,0
FL2144,400,430,0,30
FL1351,500,560,50,10
FL0775,300,335,25,10
FL1327,300,325,25,0
FL1537,300,300,0,0
FL2884,150,210,50,10
FL0392,150,180,0,30
FL2209,300,310,0,10
FL2103,200,220,0,20
FL1602,300,380,50,30
FL2822,300,300,0,0
FL0790,500,500,0,0
FL1207,200,245,25,20
FL1360,500,530,0,30
FL2587,150,150,0,0
FL1629,200,235,25,10
FL1084,400,435,25,10
FL2140,800,820,0,20
FL0521,400,430,0,30
FL0121,300,320,0,20
FL1759,200,230,0,30
FL0189,200,225,25,0
FL1717,800,860,50,10
FL0361,200,200,0,0
FL1267,300,320,0,20
FL1728,150,200,50,0
FL0416,150,150,0,0
FL0016,800,810,0,10
FL1640,150,180,0,30
FL1675,150,180,0,30
FL0330,150,160,0,10
FL1691,800,830,0,30
FL0597,800,810,0,10
FL2974,150,170,0,20
FL0618,200,210,0,10
FL1460,150,220,50,20
FL2704,300,330,0,30
FL2910,400,460,50,10
FL1899,800,820,0,20
FL2774,200,270,50,20
FL2164,800,820,0,20
FL1660,400,400,0,0
FL0180,400,420,0,20
FL1143,800,870,50,20
FL1645,300,310,0,10
FL0982,400,400,0,0
FL0240,500,545,25,20
FL2256,300,330,0,30
FL1131,300,310,0,10
FL0986,400,410,0,10
FL2273,800,820,0,20
FL0638,150,200,50,0
FL1059,300,320,0,20
FL0039,150,160,0,10
FL2172,200,210,0,10
FL2769,300,320,0,20
FL1917,500,510,0,10
FL1702,300,350,50,0
FL1926,800,810,0,10
FL2009,800,820,0,20
FL0166,800,800,0,0
FL1175,300,300,0,0
FL1907,400,425,25,0
FL2741,400,400,0,0
FL0665,500,580,50,30
FL1575,200,220,0,20
FL1064,300,320,0,20
FL1461,200,235,25,10
FL1494,300,380,50,30
FL1666,400,455,25,30
FL0040,300,320,0,20
FL0642,300,380,50,30
FL1182,300,360,50,10
FL1235,150,205,25,30
FL1296,300,300,0,0
FL1545,150,180,0,30
FL1656,150,180,0,30
FL2253,500,560,50,10
FL1132,400,420,0,20
FL2398,500,535,25,10
FL1315,800,880,50,30
FL2019,300,320,0,20
FL2039,200,255,25,30
FL2620,500,520,0,20
FL1571,800,820,0,20
FL1732,800,830,0,30
FL0417,150,150,0,0
FL1574,200,200,0,0
FL2961,300,300,0,0
FL2172,400,420,0,20
FL2062,300,320,0,20
FL2305,800,810,0,10
FL1847,500,530,0,30
FL1027,150,180,0,30
FL0277,150,210,50,10
FL1643,200,270,50,20
FL2167,400,430,0,30
FL2752,500,510,0,10
FL0958,400,420,0,20
FL1421,800,830,0,30
FL2367,300,310,0,10
FL1055,150,180,0,30
FL1941,150,160,0,10
FL1788,200,225,25,0
FL2159,800,810,0,10
FL0534,800,870,50,20
FL2636,200,220,0,20
FL2668,300,310,0,10
FL0674,400,420,0,20
FL1099,200,260,50,10
FL0720,400,430,0,30
FL0734,500,555,25,30
FL1091,800,845,25,20
FL2238,300,370,50,20
FL0330,800,820,0,20
FL0135,400,400,0,0
FL0752,200,235,25,10
FL1805,800,830,0,30
FL0022,800,820,0,20
FL0641,800,810,0,10
FL2473,400,400,0,0
FL2021,500,510,0,10
FL0911,200,220,0,20
FL1764,150,160,0,10
FL0681,500,510,0,10
FL2567,400,410,0,10
FL0012,400,425,25,0
FL2235,400,445,25,20
FL0680,800,820,0,20
FL1145,150,205,25,30
FL0643,300,370,50,20
FL0688,150,150,0,0
FL1358,200,280,50,30
FL1162,200,250,50,0
FL2380,150,170,0,20
FL1006,150,160,0,10
FL2426,800,810,0,10
FL2206,500,510,0,10
FL0371,150,180,0,30
FL1609,800,845,25,20
FL0483,500,535,25,10
FL1266,500,560,50,10
FL2439,400,455,25,30
FL1401,400,435,25,10
FL1829,200,210,0,10
FL1642,300,320,0,20
FL2084,200,230,0,30
FL0582,200,210,0,10
FL0937,800,830,0,30
FL0563,500,530,0,30
FL0944,800,860,50,10
FL2949,150,170,0,20
FL0203,150,150,0,0
FL1069,150,180,0,30
FL0383,150,180,0,30
FL2211,400,410,0,10
FL1979,150,185,25,10
FL0961,800,820,0,20
FL1467,800,830,0,30
FL2726,500,530,0,30
FL1472,300,330,0,30
FL1314,150,170,0,20
FL0074,300,335,25,10
FL0690,150,150,0,0
FL2399,300,300,0,0
FL0036,500,510,0,10
FL1229,150,180,0,30
FL2647,200,200,0,0
FL2334,800,820,0,20
FL2842,150,185,25,10
FL1404,200,230,0,30
FL0274,400,400,0,0
FL2518,200,280,50,30
FL0823,200,220,0,20
FL0384,150,220,50,20
FL1720,500,520,0,20
FL1313,150,180,0,30
FL1786,800,820,0,20
FL2345,500,500,0,0
FL1822,500,530,0,30
FL0812,500,500,0,0
FL0382,150,200,50,0
FL1131,400,410,0,10
FL1925,200,200,0,0
FL0130,500,530,0,30
FL0185,150,160,0,10
FL0410,150,170,0,20
FL2313,300,310,0,10
FL1176,500,520,0,20
FL2033,500,530,0,30
FL2053,150,160,0,10
FL1202,200,200,0,0
FL0561,300,330,0,30
FL2113,300,330,0,30
FL0014,300,330,0,30
FL1098,500,510,0,10
FL2417,200,200,0,0
FL0319,500,500,0,0
FL2602,400,400,0,0
FL2141,500,520,0,20
FL0338,150,180,0,30
FL1697,300,310,0,10
FL0276,800,820,0,20
FL2495,150,160,0,10
FL0684,150,150,0,0
FL2857,400,430,0,30
FL1489,400,470,50,20
FL1016,500,580,50,30
FL1624,300,345,25,20
FL1930,150,220,50,20
FL1723,500,520,0,20
FL2097,300,300,0,0
FL1350,300,330,0,30
FL2346,200,210,0,10
FL0099,400,445,25,20
FL2609,800,830,0,30
FL2654,200,230,0,30
FL1814,200,280,50,30
FL1648,300,300,0,0
FL2377,500,520,0,20
FL2321,800,800,0,0
FL1323,300,310,0,10
FL0025,800,820,0,20
FL2406,800,825,25,0
FL0357,800,870,50,20
FL1470,400,400,0,0
FL2453,400,430,0,30
FL1507,300,310,0,10
FL2100,300,360,50,10
FL2842,500,525,25,0
FL2057,400,430,0,30
FL2777,400,425,25,0
FL2665,400,480,50,30
FL0819,500,520,0,20
FL2454,500,555,25,30
FL0197,300,350,50,0
FL0269,150,180,0,30
FL1699,800,830,0,30
FL0124,400,410,0,10
FL0754,400,425,25,0
FL2212,500,530,0,30
FL0703,500,530,0,30
FL2173,500,570,50,20
FL2604,200,230,0,30
FL0895,400,400,0,0
FL2138,150,170,0,20
FL1210,500,500,0,0
FL1532,400,470,50,20
FL0640,300,360,50,10
FL1091,300,330,0,30
FL2659,500,520,0,20
FL0545,400,400,0,0
FL2861,300,300,0,0
FL1141,400,460,50,10
FL2937,400,420,0,20
FL2918,150,230,50,30
FL1562,300,330,0,30
FL0302,500,510,0,10
FL2731,400,410,0,10
FL2149,150,160,0,10
FL1708,400,410,0,10
FL1413,300,325,25,0
FL2265,200,220,0,20
FL1848,400,430,0,30
FL1044,200,210,0,10
FL0820,200,200,0,0
FL0517,500,520,0,20
FL2673,400,470,50,20
FL2968,500,520,0,20
FL2995,200,220,0,20
FL2116,200,220,0,20
FL2423,400,430,0,30
FL2733,150,150,0,0
FL2906,500,550,50,0
FL0951,300,335,25,10
FL1070,400,450,50,0
FL1516,800,810,0,10
FL1008,150,160,0,10
FL2156,300,300,0,0
FL0028,200,230,0,30
FL0670,300,310,0,10
FL1294,200,220,0,20
FL0805,400,470,50,20
FL0353,500,580,50,30
FL1367,800,825,25,0
FL2113,800,825,25,0
FL0754,400,400,0,0
FL0001,150,180,0,30
FL2190,300,325,25,0
FL0022,300,310,0,10
FL2492,400,400,0,0
FL2848,150,170,0,20
FL1441,800,850,50,0
FL1451,800,880,50,30
FL0391,300,320,0,20
FL1020,200,230,0,30
FL0012,500,525,25,0
FL1307,800,880,50,30
FL1019,200,280,50,30
FL2211,400,410,0,10
FL2996,150,170,0,20
FL1142,400,430,0,30
FL0051,300,300,0,0
FL1566,800,845,25,20
FL2959,300,380,50,30
FL0778,400,410,0,10
FL2078,300,380,50,30
FL2479,300,320,0,20
FL2932,200,230,0,30
FL0324,500,520,0,20
FL1374,200,250,50,0
FL1636,300,300,0,0
FL1863,800,880,50,30
FL2461,200,230,0,30
FL1489,200,270,50,20
FL0806,800,810,0,10
FL2530,150,160,0,10
FL1991,200,210,0,10
FL2880,500,560,50,10
FL0565,150,170,0,20
FL1532,500,500,0,0
FL2118,400,450,50,0
FL1622,200,200,0,0
FL2626,300,370,50,20
FL2408,500,545,25,20
FL0241,400,455,25,30
FL0096,150,170,0,20
FL2329,800,825,25,0
FL0765,800,830,0,30
FL1899,800,830,0,30
FL1120,400,400,0,0
FL2281,300,320,0,20
FL0371,400,460,50,10
FL2439,500,500,0,0
FL1160,400,470,50,20
FL2810,300,330,0,30
FL2865,800,855,25,30
FL0572,800,855,25,30
FL2623,300,355,25,30
FL0258,400,430,0,30
FL2789,300,330,0,30
FL0385,400,400,0,0
FL1530,500,535,25,10
FL1337,150,170,0,20
FL2998,800,810,0,10
FL1308,500,530,0,30
FL1231,300,320,0,20
FL0505,300,310,0,10
FL2747,150,180,0,30
FL0202,300,300,0,0
FL0364,300,380,50,30
FL2472,500,530,0,30
FL0589,200,245,25,20
FL0546,300,370,50,20
FL2297,200,210,0,10
FL1885,150,180,0,30
FL1940,150,220,50,20
FL1386,800,830,0,30
FL0385,500,530,0,30
FL0718,800,810,0,10
FL0290,800,880,50,30
FL1980,800,820,0,20
FL0520,150,150,0,0
FL2496,400,435,25,10
FL2936,300,355,25,30
FL0755,200,250,50,0
FL1915,200,200,0,0
FL1646,300,310,0,10
FL2288,150,160,0,10
FL0695,150,160,0,10
FL0154,500,510,0,10
FL2032,150,150,0,0
FL1503,150,170,0,20
FL0010,800,830,0,30
FL1659,300,320,0,20
FL1075,500,520,0,20
FL2438,300,380,50,30
FL2864,300,320,0,20
FL2451,200,220,0,20
FL2541,300,310,0,10
FL2711,500,530,0,30
FL0540,150,175,25,0
FL0643,300,330,0,30
FL0428,500,545,25,20
FL0017,300,330,0,30
FL0670,800,810,0,10
FL1230,300,300,0,0
FL2065,400,460,50,10
FL0528,800,830,0,30
FL2693,800,810,0,10
FL0316,300,320,0,20
FL1916,400,430,0,30
FL2784,500,530,0,30
FL1585,200,260,50,10
FL1822,500,570,50,20
FL0577,800,880,50,30
FL1322,800,820,0,20
FL1354,150,180,0,30
FL1469,800,810,0,10
FL1125,300,330,0,30
FL1700,150,150,0,0
FL1568,500,550,50,0
FL1240,800,830,0,30
FL0021,200,220,0,20
FL1745,400,420,0,20
FL2991,800,855,25,30
FL2549,800,810,0,10
FL0186,500,530,0,30
FL2494,800,870,50,20
FL2370,200,230,0,30
FL2359,500,525,25,0
FL0449,400,480,50,30
FL0174,200,230,0,30
FL0059,400,400,0,0
FL1380,150,160,0,10
FL1771,800,830,0,30
FL0182,150,200,50,0
FL1149,800,820,0,20
FL0932,800,810,0,10
FL1790,150,160,0,10
FL1743,500,580,50,30
FL2139,200,200,0,0
FL1133,200,220,0,20
FL1759,800,800,0,0
FL1147,500,520,0,20
FL1817,300,380,50,30
FL0876,200,220,0,20
FL2170,800,855,25,30
FL0601,800,810,0,10
FL2248,200,200,0,0
FL2970,400,420,0,20
FL2373,400,430,0,30
FL2348,200,210,0,10
FL2927,500,510,0,10
FL1830,800,820,0,20
FL1286,150,210,50,10
FL0861,300,310,0,10
FL2468,400,410,0,10
FL2253,300,310,0,10
FL2151,800,800,0,0
FL0975,300,310,0,10
FL2736,150,230,50,30
FL2323,300,345,25,20
FL0549,150,220,50,20
FL1590,200,210,0,10
FL0541,300,370,50,20
FL2486,200,220,0,20
FL2489,150,195,25,20
FL1344,300,310,0,10
FL0783,800,810,0,10
FL0416,200,250,50,0
FL1394,500,580,50,30
FL2637,150,170,0,20
FL2912,300,300,0,0
FL2202,300,310,0,10
FL0211,150,150,0,0
FL1322,400,430,0,30
FL2572,150,210,50,10
FL2388,200,270,50,20
FL0583,800,810,0,10
FL1196,200,255,25,30
FL0950,800,810,0,10
FL0272,400,430,0,30
FL2043,300,320,0,20
FL2894,300,330,0,30
FL2086,400,430,0,30
FL0364,200,245,25,20
FL0929,400,410,0,10
FL1422,300,320,0,20
FL0099,300,300,0,0
FL2905,300,330,0,30
FL2345,150,160,0,10
FL2498,400,430,0,30
FL0662,400,400,0,0
FL0295,300,310,0,10
FL2735,500,510,0,10
FL0834,500,560,50,10
FL0527,500,520,0,20
FL2609,200,230,0,30
FL2599,800,800,0,0
FL0767,200,200,0,0
FL2457,300,300,0,0
FL1284,200,235,25,10
FL0525,800,800,0,0
FL0856,400,410,0,10
FL2529,400,470,50,20
FL2604,500,510,0,10
FL2527,300,330,0,30
FL1620,400,410,0,10
FL0451,200,200,0,0
FL2325,200,200,0,0
FL0647,200,230,0,30
FL1077,150,200,50,0
FL2243,200,230,0,30
FL2958,300,310,0,10
FL1636,500,570,50,20
FL1232,300,330,0,30
FL1131,800,800,0,0
FL1198,300,300,0,0
FL2854,800,800,0,0
FL1298,400,410,0,10
FL1320,200,200,0,0
FL0796,800,845,25,20
FL2962,500,500,0,0
FL0346,150,150,0,0
FL1690,800,845,25,20
FL0399,200,230,0,30
FL0528,300,330,0,30
FL1753,300,345,25,20
FL1079,200,210,0,10
FL0757,800,830,0,30
FL2832,500,520,0,20
FL0392,200,210,0,10
FL0151,800,850,50,0
FL1646,800,830,0,30
FL0560,800,810,0,10
FL0722,400,435,25,10
FL2515,300,310,0,10
FL0857,400,450,50,0
FL2118,800,880,50,30
FL1042,500,520,0,20
FL1247,800,830,0,30
FL0021,150,150,0,0
FL0713,500,510,0,10
FL1859,500,520,0,20
FL2254,200,200,0,0
FL1460,150,150,0,0
FL1656,150,180,0,30
FL1598,200,260,50,10
FL1707,300,330,0,30
FL1657,800,830,0,30
FL1110,400,445,25,20
FL2299,400,455,25,30
FL2362,150,185,25,10
FL2897,500,570,50,20
FL1388,400,400,0,0
FL2562,200,245,25,20
FL1174,400,460,50,10
FL0108,200,220,0,20
FL1927,400,455,25,30
FL1452,500,525,25,0
FL2111,300,355,25,30
FL2037,800,820,0,20
FL0681,150,180,0,30
FL1736,300,335,25,10
FL1127,300,300,0,0
FL0805,500,525,25,0
FL1139,800,830,0,30
FL1215,400,480,50,30
FL2397,300,370,50,20
FL2346,500,545,25,20
FL2878,400,400,0,0
FL1680,150,210,50,10
FL0904,800,830,0,30
FL2340,800,820,0,20
FL0139,200,230,0,30
FL1114,800,845,25,20
FL1121,800,810,0,10
FL0255,150,160,0,10
FL1029,200,220,0,20
FL2369,150,220,50,20
FL1277,300,320,0,20
FL0488,400,470,50,20
FL0592,800,810,0,10
FL1070,400,460,50,10
FL0252,200,230,0,30
FL2424,400,425,25,0
FL1969,300,320,0,20
FL0554,200,245,25,20
FL1243,200,210,0,10
FL0489,500,530,0,30
FL1985,150,150,0,0
FL2090,200,235,25,10
FL0979,200,210,0,10
FL0456,150,150,0,0
FL2628,500,520,0,20
FL0338,800,810,0,10
FL1775,300,310,0,10
FL1411,500,510,0,10
FL0009,200,270,50,20
FL1911,150,150,0,0
FL1471,800,870,50,20
FL0126,500,530,0,30
FL2718,200,220,0,20
FL0755,150,205,25,30
FL0546,800,870,50,20
FL0033,200,200,0,0
FL2679,500,530,0,30
FL1725,500,510,0,10
FL0421,800,820,0,20
FL0242,400,455,25,30
FL0032,800,850,50,0
FL2702,150,185,25,10
FL2278,300,320,0,20
FL0638,400,430,0,30
FL1118,400,430,0,30
FL0475,500,535,25,10
FL0122,400,400,0,0
FL1815,800,870,50,20
FL0032,200,230,0,30
FL2280,500,520,0,20
FL2214,800,820,0,20
FL2918,300,310,0,10
FL0518,300,330,0,30
FL1680,200,280,50,30
FL2628,200,255,25,30
FL1411,500,510,0,10
FL2397,200,255,25,30
FL2542,800,830,0,30
FL1649,200,220,0,20
FL2020,800,835,25,10
FL1140,400,400,0,0
FL0201,800,820,0,20
FL0274,400,410,0,10
FL1853,200,260,50,10
FL0590,300,370,50,20
FL2261,400,430,0,30
FL2961,400,400,0,0
FL1235,150,175,25,0
FL2767,300,380,50,30
FL2099,150,150,0,0
FL1261,400,430,0,30
FL1342,200,280,50,30
FL2044,800,830,0,30
FL1853,500,520,0,20
FL1385,300,370,50,20
FL1320,150,160,0,10
FL1145,800,820,0,20
FL2827,150,230,50,30
FL0643,500,570,50,20
FL2219,400,410,0,10
FL1664,800,820,0,20
FL0517,300,310,0,10
FL2402,800,810,0,10
FL0620,150,210,50,10
FL0981,500,500,0,0
FL1996,400,460,50,10
FL2383,300,355,25,30
FL1395,500,500,0,0
FL1510,200,210,0,10
FL2547,400,430,0,30
FL1410,500,500,0,0
FL2667,150,160,0,10
FL1187,200,200,0,0
FL0485,400,400,0,0
FL2745,500,520,0,20
FL1412,200,200,0,0
FL2358,800,810,0,10
FL1667,200,250,50,0
FL1008,300,310,0,10
FL2578,200,200,0,0
FL0620,200,210,0,10
FL0294,400,410,0,10
FL1506,800,800,0,0
FL2484,300,310,0,10
FL1379,150,180,0,30
FL2880,150,160,0,10
FL2699,200,230,0,30
FL1961,400,400,0,0
FL2269,150,160,0,10
FL1397,500,525,25,0
FL1126,200,230,0,30
FL1610,400,420,0,20
FL0592,400,450,50,0
FL1020,150,150,0,0
FL1581,800,800,0,0
FL2412,800,800,0,0
FL0493,400,430,0,30
FL1693,300,310,0,10
FL1368,200,220,0,20
FL1833,300,360,50,10
FL2877,300,310,0,10
FL1104,500,525,25,0
FL2691,300,320,0,20
FL2022,300,330,0,30
FL2019,300,325,25,0
FL1194,150,175,25,0
FL2503,800,880,50,30
FL0791,150,160,0,10
FL2940,400,410,0,10
FL1668,150,170,0,20
FL0463,150,160,0,10
FL2950,800,850,50,0
FL1037,500,560,50,10
FL1849,300,350,50,0
FL2832,200,210,0,10
FL1375,150,180,0,30
FL2456,800,800,0,0
FL0213,150,170,0,20
FL0384,500,560,50,10
FL1360,200,225,25,0
FL0200,500,510,0,10
FL2614,800,870,50,20
FL1662,200,280,50,30
FL0783,400,420,0,20
FL1877,200,250,50,0
FL0050,200,200,0,0
FL0451,200,200,0,0
FL2492,150,180,0,30
FL2160,400,420,0,20
FL1786,800,820,0,20
FL2120,200,210,0,10
FL1579,200,255,25,30
FL0655,800,800,0,0
FL2197,800,830,0,30
FL1729,400,400,0,0
FL0981,150,205,25,30
FL1589,800,830,0,30
FL0178,800,810,0,10
FL1987,500,510,0,10
FL2112,300,300,0,0
FL1762,300,310,0,10
FL2614,500,545,25,20
FL2122,200,255,25,30
FL2230,200,200,0,0
FL2958,200,200,0,0
FL1947,500,520,0,20
FL0526,150,180,0,30
FL2469,800,835,25,10
FL0580,800,800,0,0
FL2003,300,300,0,0
FL2834,300,310,0,10
FL2777,150,170,0,20
FL2499,150,150,0,0
FL0167,800,825,25,0
FL1090,400,445,25,20
FL1154,150,220,50,20
FL2557,500,535,25,10
FL1059,500,520,0,20
FL2840,400,455,25,30
FL1371,150,180,0,30
FL1347,500,555,25,30
FL0621,400,480,50,30
FL2296,150,150,0,0
FL2449,500,510,0,10
FL2050,150,230,50,30
FL2337,400,420,0,20
FL2912,800,820,0,20
FL0984,150,170,0,20
FL2693,500,520,0,20
FL2207,300,350,50,0
FL0162,150,185,25,10
FL2721,400,430,0,30
FL2414,800,880,50,30
FL2030,200,260,50,10
FL2852,500,500,0,0
FL2920,150,210,50,10
FL0155,200,220,0,20
FL1817,150,160,0,10
FL2637,150,170,0,20
FL2459,150,185,25,10
FL1076,400,400,0,0
FL1711,150,200,50,0
FL0562,300,300,0,0
FL2344,200,220,0,20
FL1424,150,195,25,20
FL2789,150,180,0,30
FL1773,800,820,0,20
FL0388,400,400,0,0
FL2484,400,430,0,30
FL0426,300,370,50,20
FL1961,400,480,50,30
FL0968,500,580,50,30
FL2682,200,200,0,0
FL0705,200,220,0,20
FL2831,150,180,0,30
FL0351,800,850,50,0
FL2625,300,370,50,20
FL2379,500,550,50,0
FL1399,200,200,0,0
FL2471,500,500,0,0
FL1513,150,195,25,20
FL2911,800,855,25,30
FL1588,800,855,25,30
FL0570,400,425,25,0
FL1808,500,520,0,20
FL2669,200,255,25,30
FL2435,800,800,0,0
FL1897,150,175,25,0
FL0074,500,500,0,0
FL2078,400,430,0,30
FL0095,300,325,25,0
FL0664,400,425,25,0
FL2597,200,210,0,10
FL2042,500,520,0,20
FL2668,800,820,0,20
FL1924,200,255,25,30
FL1338,500,510,0,10
FL2718,400,430,0,30
FL1559,800,810,0,10
FL1527,300,310,0,10
FL1758,800,810,0,10
FL2106,150,220,50,20
FL2301,800,810,0,10
FL1706,500,520,0,20
FL0985,500,530,0,30
FL0019,200,255,25,30
FL2665,200,235,25,10
FL2658,500,510,0,10
FL0130,200,220,0,20
FL1480,800,830,0,30
FL0677,800,850,50,0
FL2472,200,220,0,20
FL2008,150,160,0,10
FL2809,500,530,0,30
FL2291,800,835,25,10
FL2606,800,870,50,20
FL1407,400,420,0,20
FL2813,500,520,0,20
FL2956,300,330,0,30
FL2360,200,260,50,10
FL1083,300,380,50,30
FL1409,800,820,0,20
FL0789,200,210,0,10
FL0329,500,530,0,30
FL1328,800,830,0,30
FL1281,400,410,0,10
FL1712,400,410,0,10
FL1014,300,310,0,10
FL1949,300,300,0,0
FL0416,400,410,0,10
FL2094,150,180,0,30
FL2546,400,410,0,10
FL1768,300,300,0,0
FL1786,150,185,25,10
FL2954,150,205,25,30
FL2884,800,820,0,20
FL0882,800,835,25,10
FL1410,400,430,0,30
FL1513,200,230,0,30
FL2784,200,210,0,10
FL0543,300,330,0,30
FL2484,150,170,0,20
FL1169,300,345,25,20
FL1019,300,350,50,0
FL2809,800,820,0,20
FL2778,200,245,25,20
FL0470,200,200,0,0
FL1392,150,180,0,30
FL0579,300,320,0,20
FL2534,500,545,25,20
FL0310,500,520,0,20
FL0467,400,420,0,20
FL1811,200,220,0,20
FL0805,200,270,50,20
FL0728,400,400,0,0
FL2274,300,300,0,0
FL0697,200,200,0,0
FL2657,150,195,25,20
FL2806,400,460,50,10
FL2964,300,380,50,30
FL0998,300,330,0,30
FL1285,200,255,25,30
FL1272,800,820,0,20
FL0967,200,280,50,30
FL2753,300,350,50,0
FL0038,300,310,0,10
FL1559,150,150,0,0
FL1755,400,420,0,20
FL1053,150,195,25,20
FL1777,800,800,0,0
FL0888,500,520,0,20
FL2393,400,410,0,10
FL1489,800,810,0,10
FL1596,150,170,0,20
FL0968,400,410,0,10
FL1744,300,335,25,10
FL1564,150,150,0,0
FL2026,200,220,0,20
FL0191,400,420,0,20
FL1237,200,230,0,30
FL2980,500,580,50,30
FL1705,200,235,25,10
FL1211,800,800,0,0
FL1703,800,800,0,0
FL2316,300,380,50,30
FL2289,150,180,0,30
FL1993,400,480,50,30
FL0323,150,200,50,0
FL0687,400,480,50,30
FL0179,200,280,50,30
FL1851,300,300,0,0
FL0789,200,200,0,0
FL1968,500,530,0,30
FL1955,500,550,50,0
FL0553,400,420,0,20
FL1711,150,175,25,0
FL0039,300,330,0,30
FL0388,150,170,0,20
FL1502,500,500,0,0
FL1250,150,170,0,20
FL0866,150,160,0,10
FL0683,150,180,0,30
FL2023,150,170,0,20
FL2831,150,160,0,10
FL2159,400,410,0,10
FL0231,500,530,0,30
FL1522,500,510,0,10
FL0961,800,800,0,0
FL1141,200,230,0,30
FL1401,150,195,25,20
FL0274,200,225,25,0
FL0436,400,430,0,30
FL0498,400,430,0,30
FL0401,500,520,0,20
FL1286,200,200,0,0
FL1927,800,820,0,20
FL1756,150,170,0,20
FL1137,300,320,0,20
FL1888,400,430,0,30
FL2082,200,230,0,30
FL1757,200,230,0,30
FL0928,150,170,0,20
FL0704,500,535,25,10
FL0252,500,520,0,20
FL0060,800,820,0,20
FL1215,400,455,25,30
FL1145,800,830,0,30
FL1438,200,230,0,30
FL1378,800,810,0,10
FL2028,500,500,0,0
FL1915,300,320,0,20
FL0383,400,455,25,30
FL0312,800,860,50,10
FL1309,400,455,25,30
FL0715,150,180,0,30
FL1735,300,300,0,0
FL2201,150,185,25,10
FL2220,500,525,25,0
FL1252,300,300,0,0
FL1740,300,310,0,10
FL0826,500,510,0,10
FL1055,300,330,0,30
FL2508,800,800,0,0
FL0720,200,220,0,20
FL0548,500,530,0,30
FL0089,500,530,0,30
FL1965,400,400,0,0
FL2479,500,535,25,10
FL0394,300,355,25,30
FL0511,400,430,0,30
FL2412,300,300,0,0
FL1126,200,200,0,0
FL2115,150,150,0,0
FL1674,500,520,0,20
FL0349,200,235,25,10
FL0881,800,830,0,30
FL1968,300,370,50,20
FL0314,150,200,50,0
FL2713,200,245,25,20
FL0850,500,520,0,20
FL1140,150,170,0,20
FL2898,500,510,0,10
FL2917,300,330,0,30
FL2880,300,320,0,20
FL0137,200,220,0,20
FL2010,800,830,0,30
FL1022,400,420,0,20
FL0213,150,180,0,30
FL2950,800,830,0,30
FL1546,800,845,25,20
FL2633,400,410,0,10
FL1541,400,420,0,20
FL0212,500,520,0,20
FL1153,800,810,0,10
FL2944,300,310,0,10
FL1519,200,245,25,20
FL0901,400,430,0,30
FL1754,500,550,50,0
FL1821,150,180,0,30
FL1086,300,310,0,10
FL2663,200,235,25,10
FL0780,500,555,25,30
FL1908,300,310,0,10
FL0093,200,230,0,30
FL2445,400,425,25,0
FL1930,200,210,0,10
FL2636,800,820,0,20
FL1463,300,300,0,0
FL2152,400,400,0,0
FL0739,150,170,0,20
FL2586,150,170,0,20
FL2338,500,500,0,0
FL2727,200,220,0,20
FL0330,200,245,25,20
FL1835,400,435,25,10
FL1256,800,820,0,20
FL2740,150,160,0,10
FL2667,800,880,50,30
FL2917,400,410,0,10
FL2630,300,320,0,20
FL0015,400,400,0,0
FL1171,300,330,0,30
FL1730,800,800,0,0
FL0886,300,320,0,20
FL1260,200,230,0,30
FL2050,200,210,0,10
FL0011,300,325,25,0
FL2754,150,180,0,30
FL1464,500,530,0,30
FL2036,200,235,25,10
FL0313,500,510,0,10
FL0802,800,845,25,20
FL2548,500,510,0,10
FL2003,800,850,50,0
FL2141,300,300,0,0
FL2126,800,800,0,0
FL0729,400,430,0,30
FL2343,150,160,0,10
FL0267,800,860,50,10
FL0709,150,170,0,20
FL0992,300,325,25,0
FL1288,500,570,50,20
FL1645,200,230,0,30
FL0222,800,825,25,0
FL1259,800,800,0,0
FL0409,800,810,0,10
FL1242,150,160,0,10
FL2900,400,400,0,0
FL2288,800,800,0,0
FL2515,150,210,50,10
FL1257,400,455,25,30
FL0429,400,455,25,30
FL2877,400,410,0,10
FL0506,400,455,25,30
FL0343,400,445,25,20
FL1561,300,345,25,20
FL2587,500,510,0,10
FL2330,300,300,0,0
FL0544,500,545,25,20
FL0191,200,220,0,20
FL0528,800,850,50,0
FL1433,150,150,0,0
FL2097,200,235,25,10
FL2114,500,520,0,20
FL0711,300,310,0,10
FL1231,200,200,0,0
FL2374,500,510,0,10
FL2818,200,210,0,10
FL1452,200,200,0,0
FL2091,200,225,25,0
FL1595,300,370,50,20
FL0095,300,300,0,0
FL1145,400,410,0,10
FL2521,400,420,0,20
FL2954,150,185,25,10
FL2942,400,430,0,30
FL2308,400,420,0,20
FL0981,800,800,0,0
FL0231,300,350,50,0
FL1614,800,820,0,20
FL2166,300,380,50,30
FL0684,400,400,0,0
FL0651,400,435,25,10
FL0454,800,835,25,10
FL2089,400,430,0,30
FL1678,200,200,0,0
FL2260,200,220,0,20
FL1946,150,195,25,20
FL1957,400,420,0,20
FL2868,200,200,0,0
FL2810,200,210,0,10
FL0641,800,820,0,20
FL1371,500,510,0,10
FL1468,400,430,0,30
FL2453,150,170,0,20
FL2066,500,520,0,20
FL0352,500,550,50,0
FL1151,500,570,50,20
FL2715,500,525,25,0
FL2130,400,470,50,20
FL2074,500,550,50,0
FL2268,800,870,50,20
FL2159,300,330,0,30
FL1117,800,845,25,20
FL0168,400,420,0,20
FL0565,300,310,0,10
FL2854,500,500,0,0
FL2830,300,300,0,0
FL2797,300,320,0,20
FL1464,200,280,50,30
FL2759,400,470,50,20
FL0651,300,320,0,20
FL2627,400,400,0,0
FL2497,500,580,50,30
FL2305,400,470,50,20
FL1535,150,150,0,0
FL1257,800,855,25,30
FL1129,400,400,0,0
FL1950,800,810,0,10
FL2386,400,430,0,30
FL2510,200,220,0,20
FL1770,150,160,0,10
FL2309,500,500,0,0
FL0221,150,220,50,20
FL1475,800,830,0,30
FL1365,400,400,0,0
FL1077,800,830,0,30
FL1444,200,220,0,20
FL0915,800,830,0,30
FL2188,150,210,50,10
FL1287,150,180,0,30
FL0073,150,160,0,10
FL2449,800,825,25,0
FL1649,800,835,25,10
FL1682,800,800,0,0
FL0075,400,420,0,20
FL0394,300,330,0,30
FL2841,300,310,0,10
FL2343,400,420,0,20
FL1528,300,310,0,10
FL2493,800,810,0,10
FL2777,200,280,50,30
FL1885,400,470,50,20
FL1772,150,170,0,20
FL1630,800,830,0,30
FL2398,400,400,0,0
FL1755,300,320,0,20
FL0237,800,825,25,0
FL0350,800,845,25,20
FL0305,400,430,0,30
FL2602,150,180,0,30
FL0922,400,420,0,20
FL0257,150,210,50,10
FL2735,400,410,0,10
FL1790,400,455,25,30
FL1404,800,800,0,0
FL1084,300,320,0,20
FL2390,300,330,0,30
FL0681,150,150,0,0
FL1547,200,220,0,20
FL2535,400,410,0,10
FL1118,200,220,0,20
FL1299,300,310,0,10
FL2817,300,355,25,30
FL1844,150,210,50,10
FL2264,150,180,0,30
FL2959,500,530,0,30
FL0329,800,855,25,30
FL1070,500,530,0,30
FL0245,500,555,25,30
FL1595,500,530,0,30
FL1920,800,800,0,0
FL2710,500,535,25,10
FL1546,150,170,0,20
FL1978,200,225,25,0
FL2044,300,310,0,10
FL2691,400,460,50,10
FL2750,200,220,0,20
FL1759,500,550,50,0
FL1323,400,435,25,10
FL1025,200,200,0,0
FL0940,150,160,0,10
FL0506,400,455,25,30
FL2232,500,500,0,0
FL0483,150,205,25,30
FL1631,200,200,0,0
FL0576,500,500,0,0
FL1132,500,580,50,30
FL1508,200,225,25,0
FL2546,500,520,0,20
FL1337,800,820,0,20
FL0892,200,225,25,0
FL0334,400,410,0,10
FL2341,200,200,0,0
FL0049,400,420,0,20
FL2020,400,435,25,10
FL1683,800,870,50,20
FL2862,400,430,0,30
FL0950,300,330,0,30
FL1836,500,520,0,20
FL1654,200,270,50,20
FL0920,150,150,0,0
FL2738,300,300,0,0
FL0925,200,210,0,10
FL2048,400,400,0,0
FL1151,200,210,0,10
FL0890,300,310,0,10
FL1397,800,830,0,30
FL2391,300,330,0,30
FL0481,200,220,0,20
FL1842,200,210,0,10
FL0614,300,325,25,0
FL2362,150,210,50,10
FL2376,150,160,0,10
FL0047,500,530,0,30
FL2663,800,870,50,20
FL2245,500,530,0,30
FL1535,200,200,0,0
FL0913,500,535,25,10
FL0350,800,850,50,0
FL2446,800,800,0,0
FL2676,150,210,50,10
FL0991,500,530,0,30
FL1553,400,400,0,0
FL1060,200,230,0,30
FL0782,400,455,25,30
FL0371,200,245,25,20
FL1567,400,410,0,10
FL1962,500,510,0,10
FL2588,200,230,0,30
FL1434,300,320,0,20
FL1819,300,300,0,0
FL1965,200,210,0,10
FL0113,800,825,25,0
FL1021,800,810,0,10
FL1699,800,820,0,20
FL1983,150,180,0,30
FL0646,300,320,0,20
FL0464,800,810,0,10
FL1750,800,850,50,0
FL0080,800,810,0,10
FL2805,200,270,50,20
FL2004,800,820,0,20
FL2041,200,280,50,30
FL1103,800,855,25,30
FL1457,400,400,0,0
FL0700,500,570,50,20
FL1400,150,210,50,10
FL1526,150,205,25,30
FL2897,500,530,0,30
FL2435,500,530,0,30
FL2719,150,160,0,10
FL1495,800,830,0,30
FL1980,300,310,0,10
FL0536,300,320,0,20
FL0930,500,500,0,0
FL0810,500,535,25,10
FL0423,800,860,50,10
FL0865,500,510,0,10
FL0080,150,150,0,0
FL0454,300,300,0,0
FL2388,300,380,50,30
FL2235,400,430,0,30
FL0966,400,420,0,20
FL1057,500,500,0,0
FL2551,200,230,0,30
FL0452,800,830,0,30
FL2771,300,355,25,30
FL0928,300,310,0,10
FL1929,500,510,0,10
FL0039,800,830,0,30
FL1701,150,220,50,20
FL1072,800,825,25,0
FL0347,200,270,50,20
FL0608,500,520,0,20
FL0747,500,520,0,20
FL0053,200,220,0,20
FL2501,800,820,0,20
FL1255,400,430,0,30
FL2804,400,425,25,0
FL1021,800,810,0,10
FL0670,500,530,0,30
FL0175,300,370,50,20
FL2881,150,150,0,0
FL2642,800,800,0,0
FL2891,800,820,0,20
FL1019,500,555,25,30
FL0251,800,835,25,10
FL1253,200,220,0,20
FL0869,500,510,0,10
FL1921,400,400,0,0
FL2093,500,520,0,20
FL1395,150,180,0,30
FL1734,150,180,0,30
FL0089,400,400,0,0
FL0991,500,520,0,20
FL1019,800,810,0,10
FL1498,400,430,0,30
FL1093,500,530,0,30
FL2653,200,200,0,0
FL0323,800,800,0,0
FL0953,200,260,50,10
FL1022,500,500,0,0
FL0915,150,150,0,0
FL1927,500,530,0,30
FL0497,400,455,25,30
FL2588,200,235,25,10
FL1764,150,160,0,10
FL2934,800,835,25,10
FL0300,300,320,0,20
FL2702,500,510,0,10
FL0317,400,455,25,30
FL2070,400,430,0,30
FL1166,800,800,0,0
FL2458,300,345,25,20
FL0849,400,420,0,20
FL2273,200,230,0,30
FL2806,400,430,0,30
FL2707,150,195,25,20
FL0722,400,430,0,30
FL0008,200,210,0,10
FL0792,150,195,25,20
FL0915,800,850,50,0
FL1640,500,520,0,20
FL1046,300,355,25,30
FL0326,800,800,0,0
FL1553,300,330,0,30
FL2299,500,500,0,0
FL1766,150,160,0,10
FL1244,300,300,0,0
FL2687,200,260,50,10
FL2168,400,435,25,10
FL1924,300,355,25,30
FL2029,500,500,0,0
FL0442,500,525,25,0
FL0589,300,300,0,0
FL0098,150,205,25,30
FL2949,150,205,25,30
FL2032,800,800,0,0
FL1547,150,150,0,0
FL0901,150,200,50,0
FL1282,150,185,25,10
FL2925,500,520,0,20
FL1112,300,330,0,30
FL1472,400,460,50,10
FL1853,800,855,25,30
FL1024,300,310,0,10
FL1918,400,460,50,10
FL2125,500,550,50,0
FL2077,500,520,0,20
FL0178,150,150,0,0
FL1999,500,570,50,20
FL1564,500,555,25,30
FL2505,150,160,0,10
FL0593,200,210,0,10
FL2230,150,195,25,20
FL0962,200,270,50,20
FL0451,800,810,0,10
FL2586,300,350,50,0
FL1675,150,150,0,0
FL0379,500,550,50,0
FL2522,200,245,25,20
FL2975,800,800,0,0
FL0186,500,535,25,10
FL2113,800,820,0,20
FL1401,150,170,0,20
FL0475,500,530,0,30
FL0158,500,500,0,0
FL1583,800,810,0,10
FL0284,200,210,0,10
FL1941,500,530,0,30
FL1935,800,830,0,30
FL0880,400,430,0,30
FL0941,400,400,0,0
FL2519,800,830,0,30
FL1579,200,220,0,20
FL0268,150,160,0,10
FL1625,300,310,0,10
FL2469,500,580,50,30
FL0926,500,530,0,30
FL1191,300,320,0,20
FL1551,800,810,0,10
FL2117,150,150,0,0
FL0104,500,530,0,30
FL0909,200,210,0,10
FL0152,800,830,0,30
FL2882,800,810,0,10
FL0381,400,430,0,30
FL1733,200,210,0,10
FL2992,150,175,25,0
FL0447,300,325,25,0
FL0006,500,525,25,0
FL1656,200,200,0,0
FL2513,150,180,0,30
FL2327,500,530,0,30
FL2940,150,170,0,20
FL1541,400,455,25,30
FL2699,400,430,0,30
FL0989,150,160,0,10
FL0137,800,860,50,10
FL0938,150,150,0,0
FL0498,200,280,50,30
FL1520,300,345,25,20
FL2192,150,170,0,20
FL2574,500,560,50,10
FL0973,200,200,0,0
FL2389,200,225,25,0
FL2545,400,455,25,30
FL0456,500,530,0,30
FL1701,150,160,0,10
FL2554,300,380,50,30
FL2755,800,810,0,10
FL1538,400,420,0,20
FL0806,300,330,0,30
FL2168,150,160,0,10
FL1487,400,455,25,30
FL0295,400,445,25,20
FL0874,150,170,0,20
FL1575,300,330,0,30
FL1694,300,320,0,20
FL0776,400,470,50,20
FL1895,300,360,50,10
FL2730,300,330,0,30
FL0574,800,800,0,0
FL0717,800,800,0,0
FL2559,500,525,25,0
FL1698,150,150,0,0
FL1018,300,330,0,30
FL0476,400,410,0,10
FL0100,500,520,0,20
FL1368,150,170,0,20
FL0684,400,445,25,20
FL1460,800,830,0,30
FL0965,400,400,0,0
FL0093,800,820,0,20
FL0028,150,180,0,30
FL0932,500,500,0,0
FL2372,500,560,50,10
FL1850,500,510,0,10
FL1604,150,160,0,10
FL1455,300,345,25,20
FL1495,800,810,0,10
FL0060,400,455,25,30
FL2082,150,170,0,20
FL0915,800,820,0,20
FL2137,400,410,0,10
FL1447,200,260,50,10
FL1934,200,245,25,20
FL0565,200,220,0,20
FL0657,300,330,0,30
FL0644,150,170,0,20
FL2906,150,195,25,20
FL2821,800,835,25,10
FL0709,400,410,0,10
FL1851,500,550,50,0
FL2167,800,810,0,10
FL2621,300,360,50,10
FL2348,400,430,0,30
FL2906,150,180,0,30
FL1931,200,280,50,30
FL1042,500,530,0,30
FL1602,800,820,0,20
FL1357,400,430,0,30
FL0585,800,810,0,10
FL1212,800,825,25,0
FL1671,200,270,50,20
FL0666,800,855,25,30
FL2264,500,535,25,10
FL2654,400,400,0,0
FL2865,500,500,0,0
FL2771,500,510,0,10
FL1351,800,820,0,20
FL1897,150,210,50,10
FL0906,800,810,0,10
FL0082,500,550,50,0
FL2429,400,410,0,10
FL0538,300,310,0,10
FL1493,800,820,0,20
FL1815,800,820,0,20
FL0772,300,345,25,20
FL1358,300,300,0,0
FL2797,500,510,0,10
FL2337,300,360,50,10
FL0841,150,170,0,20
FL2106,150,160,0,10
FL2604,300,335,25,10
FL2031,150,160,0,10
FL2344,500,530,0,30
FL2595,400,420,0,20
FL0903,800,820,0,20
FL0597,500,500,0,0
FL0430,300,330,0,30
FL0995,500,530,0,30
FL2406,300,330,0,30
FL2802,150,180,0,30
FL0178,500,580,50,30
FL1407,800,810,0,10
FL0447,150,160,0,10
FL2672,800,820,0,20
FL2609,150,180,0,30
FL2884,200,230,0,30
FL0914,500,555,25,30
FL2156,300,360,50,10
FL2841,300,330,0,30
FL1589,400,400,0,0
FL2630,800,860,50,10
FL0642,200,200,0,0
FL0968,500,510,0,10
FL2271,300,380,50,30
FL0567,200,270,50,20
FL0975,400,435,25,10
FL1846,400,400,0,0
FL0525,400,410,0,10
FL2509,200,200,0,0
FL1412,500,555,25,30
FL1927,150,150,0,0
FL1477,400,430,0,30
FL0442,200,250,50,0
FL0605,200,210,0,10
FL1660,800,845,25,20
FL2590,500,500,0,0
FL1445,500,520,0,20
FL1394,800,845,25,20
FL1756,500,500,0,0
FL0887,800,830,0,30
FL2461,200,235,25,10
FL2844,800,800,0,0
FL0583,200,200,0,0
FL0753,800,800,0,0
FL1641,400,430,0,30
FL1894,200,255,25,30
FL0229,200,220,0,20
FL2455,300,345,25,20
FL2258,150,175,25,0
FL0646,500,570,50,20
FL1382,400,480,50,30
FL0173,200,220,0,20
FL1821,150,150,0,0
FL2293,800,800,0,0
FL2243,500,555,25,30
FL2705,150,180,0,30
FL0686,800,830,0,30
FL2883,800,800,0,0
FL1109,200,225,25,0
FL1087,300,330,0,30
FL1889,500,500,0,0
FL2197,800,800,0,0
FL1961,400,445,25,20
FL2519,200,200,0,0
FL2140,800,835,25,10
FL2815,300,320,0,20
FL0110,150,150,0,0
FL1586,400,455,25,30
FL0305,500,520,0,20
FL2365,300,330,0,30
FL0782,200,210,0,10
FL1529,150,195,25,20
FL2474,150,170,0,20
FL0012,200,210,0,10
FL0421,500,560,50,10
FL0225,300,345,25,20
FL2245,150,180,0,30
FL0622,150,150,0,0
FL0276,800,830,0,30
FL0435,200,270,50,20
FL0197,150,160,0,10
FL2568,200,250,50,0
FL2764,300,300,0,0
FL1888,400,455,25,30
FL1730,150,170,0,20
FL0685,500,520,0,20
FL0679,200,210,0,10
FL2945,150,175,25,0
FL0769,300,330,0,30
FL1620,500,520,0,20
FL0472,300,320,0,20
FL0363,800,810,0,10
FL2134,500,560,50,10
FL2410,300,310,0,10
FL0701,200,200,0,0
FL1355,200,200,0,0
FL1059,300,310,0,10
FL0448,150,170,0,20
FL0291,200,200,0,0
FL0680,400,425,25,0
FL0859,150,160,0,10
FL2179,400,480,50,30
FL1715,200,225,25,0
FL1360,300,300,0,0
FL2245,400,460,50,10
FL1155,800,810,0,10
FL1584,300,300,0,0
FL1974,200,270,50,20
FL1761,200,210,0,10
FL1410,800,810,0,10
FL1753,300,300,0,0
FL2220,800,810,0,10
FL1057,400,455,25,30
FL0474,200,210,0,10
FL0014,500,520,0,20
FL0263,300,300,0,0
FL2114,800,810,0,10
FL1961,400,430,0,30
FL0287,300,335,25,10
FL2873,500,520,0,20
FL1034,200,220,0,20
FL2895,800,850,50,0
FL1803,200,200,0,0
FL2604,500,530,0,30
FL0257,800,825,25,0
FL0059,300,380,50,30
FL1705,800,810,0,10
FL1543,200,250,50,0
FL0118,500,525,25,0
FL0312,300,300,0,0
FL0170,300,330,0,30
FL2928,800,820,0,20
FL2182,500,520,0,20
FL0325,150,160,0,10
FL0687,200,230,0,30
FL2143,400,410,0,10
FL0558,150,150,0,0
FL2168,400,445,25,20
FL1979,300,335,25,10
FL0030,500,500,0,0
FL2594,400,400,0,0
FL1742,400,420,0,20
FL0150,800,800,0,0
FL1925,150,170,0,20
FL1411,300,330,0,30
FL1043,500,520,0,20
FL1682,500,530,0,30
FL1877,300,330,0,30
FL2286,200,230,0,30
FL1170,300,320,0,20
FL1407,500,530,0,30
FL1767,400,425,25,0
FL0289,400,410,0,10
FL1906,200,230,0,30
FL0980,400,400,0,0
FL1728,300,330,0,30
FL0349,300,310,0,10
FL0119,150,150,0,0
FL1540,500,500,0,0
FL0219,200,235,25,10
FL1500,500,560,50,10
FL1878,300,310,0,10
FL1888,500,520,0,20
FL1508,150,170,0,20
FL1396,200,210,0,10
FL1404,300,330,0,30
FL2587,150,160,0,10
FL1173,400,420,0,20
FL2825,400,445,25,20
FL0253,200,280,50,30
FL0305,400,470,50,20
FL1533,500,510,0,10
FL0838,800,800,0,0
FL2552,400,430,0,30
FL0233,400,450,50,0
FL0376,400,435,25,10
FL0709,300,300,0,0
FL0091,200,235,25,10
FL2704,400,445,25,20
FL1157,200,260,50,10
FL2685,500,510,0,10
FL2268,150,160,0,10
FL2990,500,520,0,20
FL0878,200,270,50,20
FL1752,200,280,50,30
FL0527,150,220,50,20
FL2851,200,230,0,30
FL2426,200,225,25,0
FL2641,150,150,0,0
FL1477,300,380,50,30
FL0288,800,855,25,30
FL0621,300,320,0,20
FL1231,800,830,0,30
FL2684,200,280,50,30
FL1963,400,420,0,20
FL0651,500,500,0,0
FL2020,500,530,0,30
FL2931,400,400,0,0
FL2675,500,545,25,20
FL0107,400,455,25,30
FL2752,400,410,0,10
FL0127,500,530,0,30
FL0843,150,160,0,10
FL2489,800,825,25,0
FL0561,300,335,25,10
FL0443,400,450,50,0
FL0270,150,200,50,0
FL0886,300,300,0,0
FL2851,800,880,50,30
FL1373,300,345,25,20
FL1332,200,200,0,0
FL1459,400,460,50,10
FL1724,150,230,50,30
FL0964,800,830,0,30
FL2305,150,230,50,30
FL2847,500,500,0,0
FL1121,400,455,25,30
FL2012,200,230,0,30
FL1364,200,220,0,20
FL0500,150,150,0,0
FL1104,300,370,50,20
FL2895,400,480,50,30
FL2208,400,410,0,10
FL1537,400,420,0,20
FL0091,400,410,0,10
FL1058,500,500,0,0
FL1047,500,510,0,10
FL1094,500,500,0,0
FL1385,200,230,0,30
FL0946,500,520,0,20
FL0564,800,810,0,10
FL1932,300,300,0,0
FL0851,500,530,0,30
FL0227,150,220,50,20
FL2399,150,220,50,20
FL1478,800,820,0,20
FL1064,300,310,0,10
FL2574,400,410,0,10
FL2831,150,170,0,20
FL2361,200,255,25,30
FL1456,200,200,0,0
FL1203,500,520,0,20
FL0535,300,380,50,30
FL2943,400,400,0,0
FL2376,400,430,0,30
FL2762,500,545,25,20
FL1731,500,500,0,0
FL2814,300,320,0,20
FL2279,150,150,0,0
FL1384,150,220,50,20
FL2320,150,195,25,20
FL2610,400,400,0,0
FL2220,200,210,0,10
FL1661,150,180,0,30
FL0568,300,300,0,0
FL1935,400,480,50,30
FL2986,200,230,0,30
FL2956,500,560,50,10
FL1707,200,220,0,20
FL2661,800,835,25,10
FL2362,400,410,0,10
FL2005,800,820,0,20
FL0757,300,330,0,30
FL2982,500,560,50,10
FL1396,300,330,0,30
FL2979,800,830,0,30
FL2342,400,420,0,20
FL0080,300,345,25,20
FL2649,500,530,0,30
FL2739,500,560,50,10
FL1935,800,825,25,0
FL1008,150,170,0,20
FL2888,200,260,50,10
FL2894,300,300,0,0
FL2755,400,430,0,30
FL2803,400,400,0,0
FL2758,500,520,0,20
FL1750,200,280,50,30
FL2089,150,150,0,0
FL2366,400,420,0,20
FL0543,200,250,50,0
FL0925,300,300,0,0
FL1521,200,255,25,30
FL1891,150,150,0,0
FL0355,300,300,0,0
FL1961,200,230,0,30
FL2593,800,855,25,30
FL1672,400,420,0,20
FL0890,200,230,0,30
FL0653,150,180,0,30
FL0898,150,180,0,30
FL0955,500,580,50,30
FL2393,150,205,25,30
FL1826,200,270,50,20
FL2590,150,180,0,30
FL2600,300,310,0,10
FL2564,800,830,0,30
FL2146,200,250,50,0
FL1725,800,820,0,20
FL2892,200,250,50,0
FL2727,400,480,50,30
FL0124,400,435,25,10
FL2468,200,225,25,0
FL0544,200,270,50,20
FL1872,300,300,0,0
FL0329,400,460,50,10
FL1533,500,500,0,0
FL0331,300,320,0,20
FL1786,400,420,0,20
FL0151,400,410,0,10
FL0384,300,330,0,30
FL2292,150,205,25,30
FL1372,400,460,50,10
FL1333,800,800,0,0
FL2347,800,810,0,10
FL2444,400,400,0,0
FL1172,400,450,50,0
FL0239,300,370,50,20
FL0373,150,210,50,10
FL1541,400,400,0,0
FL1890,200,225,25,0
FL2069,800,880,50,30
FL1604,200,210,0,10
FL1239,200,200,0,0
FL0632,800,855,25,30
FL2106,400,455,25,30
FL1765,300,325,25,0
FL1700,300,310,0,10
FL1434,300,310,0,10
FL2354,800,850,50,0
FL2250,800,845,25,20
FL2346,200,220,0,20
FL0360,200,210,0,10
FL2431,500,580,50,30
FL1121,150,180,0,30
FL2536,500,500,0,0
FL0982,300,300,0,0
FL2492,200,200,0,0
FL0952,300,330,0,30
FL0460,200,210,0,10
FL0964,150,180,0,30
FL1272,400,480,50,30
FL2407,300,320,0,20
FL1883,300,320,0,20
FL0727,200,230,0,30
FL1439,150,175,25,0
FL2617,150,180,0,30
FL0908,150,170,0,20
FL2710,800,820,0,20
FL0002,400,400,0,0
FL1974,300,320,0,20
FL1206,150,230,50,30
FL2290,500,530,0,30
FL2370,300,325,25,0
FL1377,200,220,0,20
FL2361,800,830,0,30
FL2018,800,810,0,10
FL0605,300,330,0,30
FL2876,500,530,0,30
FL0576,200,220,0,20
FL0553,400,400,0,0
FL0874,400,410,0,10
FL2277,300,320,0,20
FL1592,150,170,0,20
FL0538,150,180,0,30
FL1518,500,545,25,20
FL0483,150,210,50,10
FL2733,400,470,50,20
FL0746,500,520,0,20
FL0556,200,210,0,10
FL2715,400,420,0,20
FL2387,300,320,0,20
FL0199,500,550,50,0
FL0578,800,830,0,30
FL1123,400,410,0,10
FL1668,150,160,0,10
FL1052,300,330,0,30
FL1334,150,180,0,30
FL2786,300,380,50,30
FL0540,150,170,0,20
FL2284,200,230,0,30
FL0167,300,310,0,10
FL2725,200,210,0,10
FL2665,800,855,25,30
FL2569,150,200,50,0
FL1415,150,150,0,0
FL2581,300,300,0,0
FL0059,200,280,50,30
FL1827,150,170,0,20
FL2946,150,170,0,20
FL0523,200,230,0,30
FL0189,300,300,0,0
FL2801,200,230,0,30
FL0845,500,500,0,0
FL0832,400,460,50,10
FL1315,150,150,0,0
FL1854,500,520,0,20
FL1475,500,550,50,0
FL0488,300,300,0,0
FL2555,500,520,0,20
FL2941,150,160,0,10
FL2371,300,350,50,0
FL1136,300,300,0,0
FL2205,800,800,0,0
FL0807,300,335,25,10
FL1245,300,330,0,30
